{
    "Har-Log_-FACM_10": [
        432.65275346937244,
        227.21920093859396,
        173.05749350724895,
        163.4038179527046,
        217.92595140737552,
        433.149047683847,
        221.46915187029947,
        308.0664435845586,
        324.2594852208084
    ],
    "Har-RecChr_-FACM_12": [
        19189.739951063937,
        8295.993833025368,
        1168.6404983992434,
        1048.8449101685662,
        1900.7084093780165,
        19516.573645910885,
        2042.5269786673218,
        17500.46841294835,
        10578.020010666329
    ],
    "MFCC-4": [
        34.72490692138672,
        20.680870056152344,
        16.599315643310547,
        15.52810287475586,
        12.10122299194336,
        35.334861755371094,
        5.931789398193359,
        15.39510726928711,
        -33.205989837646484
    ],
    "MFCC-7": [
        -7.234672546386719,
        -13.963371276855469,
        -12.120399475097656,
        -1.3178482055664063,
        -26.880210876464844,
        -8.061836242675781,
        -22.291053771972656,
        -11.595436096191406,
        -4.674110412597656
    ],
    "MFCC-8": [
        27.436874389648438,
        11.000347137451172,
        -1.0861396789550781,
        0.12305831909179688,
        -10.517768859863281,
        27.919204711914063,
        -17.53148651123047,
        19.204570770263672,
        19.240108489990234
    ],
    "TriChr_Centroid": [
        13942.267578125,
        3973.150390625,
        2897.140869140625,
        1996.4583740234375,
        4892.7939453125,
        13866.4931640625,
        5201.57177734375,
        0.0,
        8922.7578125
    ],
    "ZeroCrossingRate": [
        0.15783923864364624,
        0.10112366825342178,
        0.011365472339093685,
        0.10357337445020676,
        0.012642869725823402,
        0.15735912322998047,
        0.04349008947610855,
        0.22238554060459137,
        0.11915598064661026
    ],
    "file_path": [
        "/home/lars/Documents/Samples/sampWithRes/PRES/Pres/CY0010.WAV",
        "/home/lars/Documents/Samples/sampWithRes/PRES/Pres/SZ_AGNT_O_00_13_32_58_-_35_72.wav",
        "/home/lars/Documents/Samples/sampWithRes/PRES/Pres/SZ_ENTER_FX_02_12_00-001.wav",
        "/home/lars/Documents/Samples/sampWithRes/PRES/Pres/BD5000.WAV",
        "/home/lars/Documents/Samples/sampWithRes/PRES/Pres/SPACE_TRAIN_2S_VIEW_L_01_42_08.wav",
        "/home/lars/Documents/Samples/sampWithRes/PRES/Pres/CY0050.WAV",
        "/home/lars/Documents/Samples/sampWithRes/PRES/Pres/MC50.WAV",
        "/home/lars/Documents/Samples/sampWithRes/PRES/Pres/SPEED_NEEDLES_SZ_ENTER_L_04_12_12.wav",
        "/home/lars/Documents/Samples/sampWithRes/PRES/Pres/RUST_LONG_S_HEAD_P_06_02_19.wav"
    ],
    "gt": [
        "no Truth",
        "no Truth",
        "no Truth",
        "no Truth",
        "no Truth",
        "no Truth",
        "no Truth",
        "no Truth",
        "no Truth"
    ]
}
