{
    "AutoCorrelation_sig": [
        0.9265449676334626
    ],
    "Bark28_AutoCorrelation": [
        0.19309964974621
    ],
    "Bark28_Centroid": [
        7832.6396484375
    ],
    "Bark28_EssEntropy": [
        3.423408031463623
    ],
    "Bark28_RollOff": [
        -1.379820736835402e-14
    ],
    "Bark28_SpectralComplex": [
        0.0
    ],
    "Bark28_SpectralFlux": [
        8.175136463250965e-05
    ],
    "Bark28_StrongPeak": [
        0.0008411930757574737
    ],
    "Bark28_flatness": [
        0.0
    ],
    "Bark28_kurtosis": [
        11.009453773498535
    ],
    "Bark28_skewness": [
        3.110712766647339
    ],
    "Bark28_spread": [
        1.743318545077699e-10
    ],
    "EffectiveDuration": [
        3.3163719177246094
    ],
    "EffectiveToStdDuration": [
        1.4303055950827717e-10
    ],
    "Har-Bark28_-FACM_1": [
        0.025767993877857998
    ],
    "Har-Bark28_-FACM_10": [
        29.07986272852841
    ],
    "Har-Bark28_-FACM_11": [
        3.063905709653502
    ],
    "Har-Bark28_-FACM_12": [
        727.7207291474
    ],
    "Har-Bark28_-FACM_2": [
        4.4738640530339
    ],
    "Har-Bark28_-FACM_3": [
        0.2642698104936833
    ],
    "Har-Bark28_-FACM_4": [
        65393.15246651016
    ],
    "Har-Bark28_-FACM_5": [
        -0.13358207616547793
    ],
    "Har-Bark28_-FACM_6": [
        0.6877201706461649
    ],
    "Har-Bark28_-FACM_7": [
        40.81516514594985
    ],
    "Har-Bark28_-FACM_8": [
        2.411686344271681
    ],
    "Har-Bark28_-FACM_9": [
        25.400670760154537
    ],
    "Har-Bark28_-GLCM_1": [
        0.06220028108446636
    ],
    "Har-Bark28_-GLCM_10": [
        6.783793077832029
    ],
    "Har-Bark28_-GLCM_11": [
        1.673703170107776
    ],
    "Har-Bark28_-GLCM_12": [
        652.6624712930001
    ],
    "Har-Bark28_-GLCM_2": [
        2.1963188721355187
    ],
    "Har-Bark28_-GLCM_3": [
        0.27380395649570116
    ],
    "Har-Bark28_-GLCM_4": [
        301497.4768762934
    ],
    "Har-Bark28_-GLCM_5": [
        -0.39397482276642964
    ],
    "Har-Bark28_-GLCM_6": [
        0.0
    ],
    "Har-Bark28_-GLCM_7": [
        264.8017158643786
    ],
    "Har-Bark28_-GLCM_8": [
        1.4366380725660561
    ],
    "Har-Bark28_-GLCM_9": [
        254.75088177161288
    ],
    "Har-Log_-FACM_1": [
        7.360642212266789e-05
    ],
    "Har-Log_-FACM_10": [
        313.25300358840724
    ],
    "Har-Log_-FACM_11": [
        5.831870613167522
    ],
    "Har-Log_-FACM_12": [
        102053.14514688967
    ],
    "Har-Log_-FACM_2": [
        10.372892325938324
    ],
    "Har-Log_-FACM_3": [
        0.01503428132796046
    ],
    "Har-Log_-FACM_4": [
        1855071243.8230624
    ],
    "Har-Log_-FACM_5": [
        -0.01434173382459487
    ],
    "Har-Log_-FACM_6": [
        0.37458630855963215
    ],
    "Har-Log_-FACM_7": [
        6233.895335998516
    ],
    "Har-Log_-FACM_8": [
        5.04408849602822
    ],
    "Har-Log_-FACM_9": [
        5653.63906866762
    ],
    "Har-Log_-GLCM_1": [
        0.0021486514366491913
    ],
    "Har-Log_-GLCM_10": [
        11.959078290400258
    ],
    "Har-Log_-GLCM_11": [
        2.3244255372968126
    ],
    "Har-Log_-GLCM_12": [
        1143.529711974276
    ],
    "Har-Log_-GLCM_2": [
        3.299410439033535
    ],
    "Har-Log_-GLCM_3": [
        0.09347588822241051
    ],
    "Har-Log_-GLCM_4": [
        5316324.468606511
    ],
    "Har-Log_-GLCM_5": [
        -0.3417299422760136
    ],
    "Har-Log_-GLCM_6": [
        0.0
    ],
    "Har-Log_-GLCM_7": [
        57.806540244843575
    ],
    "Har-Log_-GLCM_8": [
        1.5589062780786362
    ],
    "Har-Log_-GLCM_9": [
        51.88250750828324
    ],
    "Har-Mel96_-FACM_1": [
        0.006079207747840525
    ],
    "Har-Mel96_-FACM_10": [
        56.11364473130972
    ],
    "Har-Mel96_-FACM_11": [
        4.203372246370026
    ],
    "Har-Mel96_-FACM_12": [
        3264.4889228996035
    ],
    "Har-Mel96_-FACM_2": [
        6.370496909465422
    ],
    "Har-Mel96_-FACM_3": [
        0.15184408089922927
    ],
    "Har-Mel96_-FACM_4": [
        2044466.4024740898
    ],
    "Har-Mel96_-FACM_5": [
        -0.1581684194028541
    ],
    "Har-Mel96_-FACM_6": [
        0.815676926026575
    ],
    "Har-Mel96_-FACM_7": [
        416.7006738374383
    ],
    "Har-Mel96_-FACM_8": [
        3.37296132000939
    ],
    "Har-Mel96_-FACM_9": [
        329.35482360952466
    ],
    "Har-Mel96_-GLCM_1": [
        0.09181040636873071
    ],
    "Har-Mel96_-GLCM_10": [
        3.6376077167999474
    ],
    "Har-Mel96_-GLCM_11": [
        1.333851949211597
    ],
    "Har-Mel96_-GLCM_12": [
        380.88995523777277
    ],
    "Har-Mel96_-GLCM_2": [
        1.6588451677671985
    ],
    "Har-Mel96_-GLCM_3": [
        0.3409483095901006
    ],
    "Har-Mel96_-GLCM_4": [
        158954.06932078607
    ],
    "Har-Mel96_-GLCM_5": [
        -0.5094851410253235
    ],
    "Har-Mel96_-GLCM_6": [
        0.0
    ],
    "Har-Mel96_-GLCM_7": [
        114.05510198652813
    ],
    "Har-Mel96_-GLCM_8": [
        1.0743295195957179
    ],
    "Har-Mel96_-GLCM_9": [
        110.87466482964825
    ],
    "Har-RecChr_-FACM_1": [
        0.01190955325845412
    ],
    "Har-RecChr_-FACM_10": [
        113.09899472810909
    ],
    "Har-RecChr_-FACM_11": [
        3.984093123033237
    ],
    "Har-RecChr_-FACM_12": [
        12338.752222541987
    ],
    "Har-RecChr_-FACM_2": [
        5.922959881359029
    ],
    "Har-RecChr_-FACM_3": [
        0.1986876662091515
    ],
    "Har-RecChr_-FACM_4": [
        5374445.298933179
    ],
    "Har-RecChr_-FACM_5": [
        -0.1489993665550175
    ],
    "Har-RecChr_-FACM_6": [
        0.7840568059268278
    ],
    "Har-RecChr_-FACM_7": [
        346.78844519507066
    ],
    "Har-RecChr_-FACM_8": [
        3.273928639640953
    ],
    "Har-RecChr_-FACM_9": [
        274.6629540327163
    ],
    "Har-RecChr_-GLCM_1": [
        0.1319344872340276
    ],
    "Har-RecChr_-GLCM_10": [
        1.9036529662643547
    ],
    "Har-RecChr_-GLCM_11": [
        1.0694354620220485
    ],
    "Har-RecChr_-GLCM_12": [
        130.7544452028834
    ],
    "Har-RecChr_-GLCM_2": [
        1.3011621899391632
    ],
    "Har-RecChr_-GLCM_3": [
        0.3809863250729079
    ],
    "Har-RecChr_-GLCM_4": [
        28682.314670387637
    ],
    "Har-RecChr_-GLCM_5": [
        -0.5499284516903473
    ],
    "Har-RecChr_-GLCM_6": [
        0.0
    ],
    "Har-RecChr_-GLCM_7": [
        66.15724259438458
    ],
    "Har-RecChr_-GLCM_8": [
        0.9142466753793365
    ],
    "Har-RecChr_-GLCM_9": [
        64.60162861914147
    ],
    "Har-TriChr_-FACM_1": [
        0.008174965514789386
    ],
    "Har-TriChr_-FACM_10": [
        77.46863038344343
    ],
    "Har-TriChr_-FACM_11": [
        4.127493071901761
    ],
    "Har-TriChr_-FACM_12": [
        6007.47020301996
    ],
    "Har-TriChr_-FACM_2": [
        6.302009783042431
    ],
    "Har-TriChr_-FACM_3": [
        0.1550612954956806
    ],
    "Har-TriChr_-FACM_4": [
        3194498.3761030477
    ],
    "Har-TriChr_-FACM_5": [
        -0.1670717111975039
    ],
    "Har-TriChr_-FACM_6": [
        0.8266131707356882
    ],
    "Har-TriChr_-FACM_7": [
        400.1379631375488
    ],
    "Har-TriChr_-FACM_8": [
        3.208719260416706
    ],
    "Har-TriChr_-FACM_9": [
        323.66508841728773
    ],
    "Har-TriChr_-GLCM_1": [
        0.09982158614954478
    ],
    "Har-TriChr_-GLCM_10": [
        3.2084183679461846
    ],
    "Har-TriChr_-GLCM_11": [
        1.2683681592295792
    ],
    "Har-TriChr_-GLCM_12": [
        350.9476520672618
    ],
    "Har-TriChr_-GLCM_2": [
        1.5688319986260244
    ],
    "Har-TriChr_-GLCM_3": [
        0.34922316505322115
    ],
    "Har-TriChr_-GLCM_4": [
        152907.15005202012
    ],
    "Har-TriChr_-GLCM_5": [
        -0.5228204784414853
    ],
    "Har-TriChr_-GLCM_6": [
        0.0
    ],
    "Har-TriChr_-GLCM_7": [
        72.04535352973362
    ],