{
    "AutoCorrelation_sig": [
        0.95008831638865
    ],
    "Bark28_AutoCorrelation": [
        0.6304482442892894
    ],
    "Bark28_Centroid": [
        11516.6796875
    ],
    "Bark28_EssEntropy": [
        2.619436740875244
    ],
    "Bark28_RollOff": [
        3.0776718171965957e-41
    ],
    "Bark28_SpectralComplex": [
        0.0
    ],
    "Bark28_SpectralFlux": [
        0.0002548175980336964
    ],
    "Bark28_StrongPeak": [
        0.00226133456453681
    ],
    "Bark28_flatness": [
        0.0
    ],
    "Bark28_kurtosis": [
        6.800719261169434
    ],
    "Bark28_skewness": [
        2.7665271759033203
    ],
    "Bark28_spread": [
        1.9430401732023483e-09
    ],
    "EffectiveDuration": [
        0.042698413133621216
    ],
    "EffectiveToStdDuration": [
        9.210597268734492e-11
    ],
    "Har-Bark28_-FACM_1": [
        0.07415977167785495
    ],
    "Har-Bark28_-FACM_10": [
        29.565372662093115
    ],
    "Har-Bark28_-FACM_11": [
        2.1216608546842988
    ],
    "Har-Bark28_-FACM_12": [
        763.2877809083598
    ],
    "Har-Bark28_-FACM_2": [
        3.1784382083637266
    ],
    "Har-Bark28_-FACM_3": [
        0.2858215677445574
    ],
    "Har-Bark28_-FACM_4": [
        25171.407634717798
    ],
    "Har-Bark28_-FACM_5": [
        -0.0017754426016442395
    ],
    "Har-Bark28_-FACM_6": [
        0.07542109832223107
    ],
    "Har-Bark28_-FACM_7": [
        9.99948164010779
    ],
    "Har-Bark28_-FACM_8": [
        1.666100484844888
    ],
    "Har-Bark28_-FACM_9": [
        6.572523098772032
    ],
    "Har-Bark28_-GLCM_1": [
        0.09080514228878658
    ],
    "Har-Bark28_-GLCM_10": [
        4.750165375615354
    ],
    "Har-Bark28_-GLCM_11": [
        1.3441869130936965
    ],
    "Har-Bark28_-GLCM_12": [
        735.4863390833524
    ],
    "Har-Bark28_-GLCM_2": [
        1.5603181958830457
    ],
    "Har-Bark28_-GLCM_3": [
        0.3301064461485747
    ],
    "Har-Bark28_-GLCM_4": [
        335976.24327373627
    ],
    "Har-Bark28_-GLCM_5": [
        -0.5924966009228606
    ],
    "Har-Bark28_-GLCM_6": [
        0.0
    ],
    "Har-Bark28_-GLCM_7": [
        145.8744061584877
    ],
    "Har-Bark28_-GLCM_8": [
        1.0981800207668886
    ],
    "Har-Bark28_-GLCM_9": [
        142.29726978079117
    ],
    "Har-Log_-FACM_1": [
        0.00012670531044497587
    ],
    "Har-Log_-FACM_10": [
        366.1234700125984
    ],
    "Har-Log_-FACM_11": [
        5.678589624687867
    ],
    "Har-Log_-FACM_12": [
        136646.83005836513
    ],
    "Har-Log_-FACM_2": [
        9.866547158446158
    ],
    "Har-Log_-FACM_3": [
        0.013456389692445923
    ],
    "Har-Log_-FACM_4": [
        1212513984.0750976
    ],
    "Har-Log_-FACM_5": [
        -0.001070067389217686
    ],
    "Har-Log_-FACM_6": [
        0.10895575725290069
    ],
    "Har-Log_-FACM_7": [
        6330.875406319955
    ],
    "Har-Log_-FACM_8": [
        5.045557546174051
    ],
    "Har-Log_-FACM_9": [
        5749.251635704187
    ],
    "Har-Log_-GLCM_1": [
        0.006284746286855921
    ],
    "Har-Log_-GLCM_10": [
        6.860175517474704
    ],
    "Har-Log_-GLCM_11": [
        2.0533619905151217
    ],
    "Har-Log_-GLCM_12": [
        362.6235486671898
    ],
    "Har-Log_-GLCM_2": [
        2.803729461765179
    ],
    "Har-Log_-GLCM_3": [
        0.11504452494344561
    ],
    "Har-Log_-GLCM_4": [
        871100.9090579717
    ],
    "Har-Log_-GLCM_5": [
        -0.3848385928888373
    ],
    "Har-Log_-GLCM_6": [
        0.0
    ],
    "Har-Log_-GLCM_7": [
        40.333026735310305
    ],
    "Har-Log_-GLCM_8": [
        1.441949832856602
    ],
    "Har-Log_-GLCM_9": [
        36.30241444382522
    ],
    "Har-Mel96_-FACM_1": [
        0.013768682776190392
    ],
    "Har-Mel96_-FACM_10": [
        71.31673017254639
    ],
    "Har-Mel96_-FACM_11": [
        3.421250740320576
    ],
    "Har-Mel96_-FACM_12": [
        4751.409868556846
    ],
    "Har-Mel96_-FACM_2": [
        5.211833206058486
    ],
    "Har-Mel96_-FACM_3": [
        0.12899966407141897
    ],
    "Har-Mel96_-FACM_4": [
        1196113.7115010985
    ],
    "Har-Mel96_-FACM_5": [
        -0.004431699441785875
    ],
    "Har-Mel96_-FACM_6": [
        0.1519453052526584
    ],
    "Har-Mel96_-FACM_7": [
        137.4856269826759
    ],
    "Har-Mel96_-FACM_8": [
        2.8740330162406313
    ],
    "Har-Mel96_-FACM_9": [
        101.3911440365352
    ],
    "Har-Mel96_-GLCM_1": [
        0.13697536300772206
    ],
    "Har-Mel96_-GLCM_10": [
        1.8979982908897644
    ],
    "Har-Mel96_-GLCM_11": [
        1.030108861399119
    ],
    "Har-Mel96_-GLCM_12": [
        175.72218138347176
    ],
    "Har-Mel96_-GLCM_2": [
        1.2064922064532904
    ],
    "Har-Mel96_-GLCM_3": [
        0.3852532512508536
    ],
    "Har-Mel96_-GLCM_4": [
        56687.93541522673
    ],
    "Har-Mel96_-GLCM_5": [
        -0.6210616842438202
    ],
    "Har-Mel96_-GLCM_6": [
        0.0
    ],
    "Har-Mel96_-GLCM_7": [
        40.627265574960596
    ],
    "Har-Mel96_-GLCM_8": [
        0.8656132652607987
    ],
    "Har-Mel96_-GLCM_9": [
        39.695953680157565
    ],
    "Har-RecChr_-FACM_1": [
        0.027500418576519855
    ],
    "Har-RecChr_-FACM_10": [
        115.54834736323498
    ],
    "Har-RecChr_-FACM_11": [
        3.0163764470578656
    ],
    "Har-RecChr_-FACM_12": [
        12741.568524821138
    ],
    "Har-RecChr_-FACM_2": [
        4.465457042373116
    ],
    "Har-RecChr_-FACM_3": [
        0.1784178354313691
    ],
    "Har-RecChr_-FACM_4": [
        2147284.111697607
    ],
    "Har-RecChr_-FACM_5": [
        -0.003575460078980667
    ],
    "Har-RecChr_-FACM_6": [
        0.126810812420131
    ],
    "Har-RecChr_-FACM_7": [
        77.34395650295896
    ],
    "Har-RecChr_-FACM_8": [
        2.493312403679829
    ],
    "Har-RecChr_-FACM_9": [
        57.952192684765194
    ],
    "Har-RecChr_-GLCM_1": [
        0.1563040099182415
    ],
    "Har-RecChr_-GLCM_10": [
        1.6159175924997093
    ],
    "Har-RecChr_-GLCM_11": [
        0.9018902569153407
    ],
    "Har-RecChr_-GLCM_12": [
        176.77375770059663
    ],
    "Har-RecChr_-GLCM_2": [
        1.0263119313544289
    ],
    "Har-RecChr_-GLCM_3": [
        0.40751259644533516
    ],
    "Har-RecChr_-GLCM_4": [
        46672.571382367736
    ],
    "Har-RecChr_-GLCM_5": [
        -0.6610569578668166
    ],
    "Har-RecChr_-GLCM_6": [
        0.0
    ],
    "Har-RecChr_-GLCM_7": [
        51.44134557170132
    ],
    "Har-RecChr_-GLCM_8": [
        0.7764713548966371
    ],
    "Har-RecChr_-GLCM_9": [
        50.643048445367654
    ],
    "Har-TriChr_-FACM_1": [
        0.014022762511916398
    ],
    "Har-TriChr_-FACM_10": [
        107.55162141190613
    ],
    "Har-TriChr_-FACM_11": [
        3.5480601291906515
    ],
    "Har-TriChr_-FACM_12": [
        11034.156597122286
    ],
    "Har-TriChr_-FACM_2": [
        5.312010153947214
    ],
    "Har-TriChr_-FACM_3": [
        0.12627457322933405
    ],
    "Har-TriChr_-FACM_4": [
        2733477.8498608996
    ],
    "Har-TriChr_-FACM_5": [
        -0.00398436858090057
    ],
    "Har-TriChr_-FACM_6": [
        0.14571504293801832
    ],
    "Har-TriChr_-FACM_7": [
        205.16902347281174
    ],
    "Har-TriChr_-FACM_8": [
        3.0151601687237135
    ],
    "Har-TriChr_-FACM_9": [
        156.14727305111361
    ],
    "Har-TriChr_-GLCM_1": [
        0.11962282748060978
    ],
    "Har-TriChr_-GLCM_10": [
        2.1222837610474192
    ],
    "Har-TriChr_-GLCM_11": [
        1.1110027196387255
    ],
    "Har-TriChr_-GLCM_12": [
        201.52440925078238
    ],
    "Har-TriChr_-GLCM_2": [
        1.3004935579262147
    ],
    "Har-TriChr_-GLCM_3": [
        0.372714468749601
    ],
    "Har-TriChr_-GLCM_4": [
        70688.95216596944
    ],
    "Har-TriChr_-GLCM_5": [
        -0.60221773185676
    ],
    "Har-TriChr_-GLCM_6": [
        0.0
    ],