{
    "AutoCorrelation_sig": [
        0.95008831638865
    ],
    "Bark28_AutoCorrelation": [
        0.6916353034298591
    ],
    "Bark28_Centroid": [
        11956.1494140625
    ],
    "Bark28_EssEntropy": [
        2.6368155479431152
    ],
    "Bark28_RollOff": [
        -0.23262619972229004
    ],
    "Bark28_SpectralComplex": [
        0.0
    ],
    "Bark28_SpectralFlux": [
        0.00023491580213885754
    ],
    "Bark28_StrongPeak": [
        0.003315963316708803
    ],
    "Bark28_flatness": [
        0.04688467085361481
    ],
    "Bark28_kurtosis": [
        7.413325309753418
    ],
    "Bark28_skewness": [
        2.8299083709716797
    ],
    "Bark28_spread": [
        1.6542305303346438e-09
    ],
    "EffectiveDuration": [
        0.042698413133621216
    ],
    "EffectiveToStdDuration": [
        9.210597268734492e-11
    ],
    "Har-Bark28_-FACM_1": [
        0.08710888055071907
    ],
    "Har-Bark28_-FACM_10": [
        29.87374624036838
    ],
    "Har-Bark28_-FACM_11": [
        2.057477900109818
    ],
    "Har-Bark28_-FACM_12": [
        782.9333961362134
    ],
    "Har-Bark28_-FACM_2": [
        3.0701365837812333
    ],
    "Har-Bark28_-FACM_3": [
        0.3004522179663181
    ],
    "Har-Bark28_-FACM_4": [
        23369.786077652214
    ],
    "Har-Bark28_-FACM_5": [
        -0.0010507759009161003
    ],
    "Har-Bark28_-FACM_6": [
        0.05772078940238097
    ],
    "Har-Bark28_-FACM_7": [
        9.097603535919719
    ],
    "Har-Bark28_-FACM_8": [
        1.6147635314635433
    ],
    "Har-Bark28_-FACM_9": [
        6.059414610055918
    ],
    "Har-Bark28_-GLCM_1": [
        0.09409868487378115
    ],
    "Har-Bark28_-GLCM_10": [
        5.266807394651409
    ],
    "Har-Bark28_-GLCM_11": [
        1.2610745224361604
    ],
    "Har-Bark28_-GLCM_12": [
        903.5101922975366
    ],
    "Har-Bark28_-GLCM_2": [
        1.414183195711901
    ],
    "Har-Bark28_-GLCM_3": [
        0.3188312761728596
    ],
    "Har-Bark28_-GLCM_4": [
        206481.83207617866
    ],
    "Har-Bark28_-GLCM_5": [
        -0.5998631831872594
    ],
    "Har-Bark28_-GLCM_6": [
        0.0
    ],
    "Har-Bark28_-GLCM_7": [
        502.5086843316649
    ],
    "Har-Bark28_-GLCM_8": [
        1.1340885864691128
    ],
    "Har-Bark28_-GLCM_9": [
        495.35557846778295
    ],
    "Har-Log_-FACM_1": [
        0.00017632715248703428
    ],
    "Har-Log_-FACM_10": [
        391.2496707425538
    ],
    "Har-Log_-FACM_11": [
        5.435713781322443
    ],
    "Har-Log_-FACM_12": [
        152926.38742193268
    ],
    "Har-Log_-FACM_2": [
        9.422362336745152
    ],
    "Har-Log_-FACM_3": [
        0.014952324543124808
    ],
    "Har-Log_-FACM_4": [
        1094785549.6781242
    ],
    "Har-Log_-FACM_5": [
        -0.002079906173920446
    ],
    "Har-Log_-FACM_6": [
        0.1453558979938757
    ],
    "Har-Log_-FACM_7": [
        3705.069766012201
    ],
    "Har-Log_-FACM_8": [
        4.779474406561877
    ],
    "Har-Log_-FACM_9": [
        3281.7309156461474
    ],
    "Har-Log_-GLCM_1": [
        0.010663254203802604
    ],
    "Har-Log_-GLCM_10": [
        6.915689420194432
    ],
    "Har-Log_-GLCM_11": [
        2.0027371708179573
    ],
    "Har-Log_-GLCM_12": [
        439.34195884701336
    ],
    "Har-Log_-GLCM_2": [
        2.631126361494086
    ],
    "Har-Log_-GLCM_3": [
        0.12082255553974602
    ],
    "Har-Log_-GLCM_4": [
        583789.5155281943
    ],
    "Har-Log_-GLCM_5": [
        -0.4121714968650254
    ],
    "Har-Log_-GLCM_6": [
        0.0
    ],
    "Har-Log_-GLCM_7": [
        137.44405439759936
    ],
    "Har-Log_-GLCM_8": [
        1.58400565530265
    ],
    "Har-Log_-GLCM_9": [
        129.23992797692347
    ],
    "Har-Mel96_-FACM_1": [
        0.015220263335157632
    ],
    "Har-Mel96_-FACM_10": [
        72.24931328117901
    ],
    "Har-Mel96_-FACM_11": [
        3.3969589055527725
    ],
    "Har-Mel96_-FACM_12": [
        4870.372261539721
    ],
    "Har-Mel96_-FACM_2": [
        5.148157925291219
    ],
    "Har-Mel96_-FACM_3": [
        0.12800457956625177
    ],
    "Har-Mel96_-FACM_4": [
        1143076.8725140379
    ],
    "Har-Mel96_-FACM_5": [
        -0.0025868601928819954
    ],
    "Har-Mel96_-FACM_6": [
        0.11711713847207023
    ],
    "Har-Mel96_-FACM_7": [
        126.34320263028911
    ],
    "Har-Mel96_-FACM_8": [
        2.8532365520965706
    ],
    "Har-Mel96_-FACM_9": [
        92.14720368252287
    ],
    "Har-Mel96_-GLCM_1": [
        0.1265156850818402
    ],
    "Har-Mel96_-GLCM_10": [
        2.0149750202271597
    ],
    "Har-Mel96_-GLCM_11": [
        1.046776603078407
    ],
    "Har-Mel96_-GLCM_12": [
        189.5851817209987
    ],
    "Har-Mel96_-GLCM_2": [
        1.1920648550524255
    ],
    "Har-Mel96_-GLCM_3": [
        0.3646881482266747
    ],
    "Har-Mel96_-GLCM_4": [
        26623.07432528249
    ],
    "Har-Mel96_-GLCM_5": [
        -0.5876655637262915
    ],
    "Har-Mel96_-GLCM_6": [
        0.0
    ],
    "Har-Mel96_-GLCM_7": [
        127.223784033811
    ],
    "Har-Mel96_-GLCM_8": [
        0.9451568914182312
    ],
    "Har-Mel96_-GLCM_9": [
        125.1650734609471
    ],
    "Har-RecChr_-FACM_1": [
        0.02098665287363159
    ],
    "Har-RecChr_-FACM_10": [
        116.12473369388117
    ],
    "Har-RecChr_-FACM_11": [
        3.027084467594618
    ],
    "Har-RecChr_-FACM_12": [
        12861.882999511121
    ],
    "Har-RecChr_-FACM_2": [
        4.5758844392244615
    ],
    "Har-RecChr_-FACM_3": [
        0.148743551116084
    ],
    "Har-RecChr_-FACM_4": [
        2465457.1451135757
    ],
    "Har-RecChr_-FACM_5": [
        -0.0017708186646971313
    ],
    "Har-RecChr_-FACM_6": [
        0.09198362507430449
    ],
    "Har-RecChr_-FACM_7": [
        70.24315744863158
    ],
    "Har-RecChr_-FACM_8": [
        2.476670386155017
    ],
    "Har-RecChr_-FACM_9": [
        51.90795612241441
    ],
    "Har-RecChr_-GLCM_1": [
        0.1493227264083162
    ],
    "Har-RecChr_-GLCM_10": [
        2.4380471896233877
    ],
    "Har-RecChr_-GLCM_11": [
        0.936476204794387
    ],
    "Har-RecChr_-GLCM_12": [
        349.67108219658206
    ],
    "Har-RecChr_-GLCM_2": [
        1.031382463989195
    ],
    "Har-RecChr_-GLCM_3": [
        0.3949738954814817
    ],
    "Har-RecChr_-GLCM_4": [
        55815.19246203974
    ],
    "Har-RecChr_-GLCM_5": [
        -0.6400139598329568
    ],
    "Har-RecChr_-GLCM_6": [
        0.0
    ],
    "Har-RecChr_-GLCM_7": [
        200.280338664174
    ],
    "Har-RecChr_-GLCM_8": [
        0.8567023130328288
    ],
    "Har-RecChr_-GLCM_9": [
        197.89655606137194
    ],
    "Har-TriChr_-FACM_1": [
        0.012364331229037209
    ],
    "Har-TriChr_-FACM_10": [
        109.16995146479483
    ],
    "Har-TriChr_-FACM_11": [
        3.500313093044958
    ],
    "Har-TriChr_-FACM_12": [
        11348.565785278997
    ],
    "Har-TriChr_-FACM_2": [
        5.26771183664598
    ],
    "Har-TriChr_-FACM_3": [
        0.11478364846425766
    ],
    "Har-TriChr_-FACM_4": [
        2961102.1885219864
    ],
    "Har-TriChr_-FACM_5": [
        -0.0030578640991266713
    ],
    "Har-TriChr_-FACM_6": [
        0.1287465361396576
    ],
    "Har-TriChr_-FACM_7": [
        173.32948965998705
    ],
    "Har-TriChr_-FACM_8": [
        2.951433374335719
    ],
    "Har-TriChr_-FACM_9": [
        129.5819542546751
    ],
    "Har-TriChr_-GLCM_1": [
        0.1074905067529081
    ],
    "Har-TriChr_-GLCM_10": [
        2.72784463794645
    ],
    "Har-TriChr_-GLCM_11": [
        1.1584167834049812
    ],
    "Har-TriChr_-GLCM_12": [
        300.5189972989382
    ],
    "Har-TriChr_-GLCM_2": [
        1.3282303053591589
    ],
    "Har-TriChr_-GLCM_3": [
        0.346525471762706
    ],
    "Har-TriChr_-GLCM_4": [
        55434.51822619499
    ],
    "Har-TriChr_-GLCM_5": [
        -0.5719353295713561
    ],
    "Har-TriChr_-GLCM_6": [
        0.0
    ],