{
    "AutoCorrelation_sig": [
        0.993445858108425
    ],
    "Bark28_AutoCorrelation": [
        0.4683402184928076
    ],
    "Bark28_Centroid": [
        4432.5419921875
    ],
    "Bark28_EssEntropy": [
        2.735706329345703
    ],
    "Bark28_RollOff": [
        -1.1662823120524063e-17
    ],
    "Bark28_SpectralComplex": [
        0.0
    ],
    "Bark28_SpectralFlux": [
        5.409567620517919e-06
    ],
    "Bark28_StrongPeak": [
        4.597250881488435e-05
    ],
    "Bark28_flatness": [
        0.11289667338132858
    ],
    "Bark28_kurtosis": [
        10.152982711791992
    ],
    "Bark28_skewness": [
        3.2073147296905518
    ],
    "Bark28_spread": [
        8.802592986120739e-13
    ],
    "EffectiveDuration": [
        0.0396825410425663
    ],
    "EffectiveToStdDuration": [
        2.7156507096521104e-11
    ],
    "Har-Bark28_-FACM_1": [
        0.052415206802517184
    ],
    "Har-Bark28_-FACM_10": [
        11.680450583297013
    ],
    "Har-Bark28_-FACM_11": [
        2.519366493947676
    ],
    "Har-Bark28_-FACM_12": [
        103.49993086288345
    ],
    "Har-Bark28_-FACM_2": [
        3.7289194805394974
    ],
    "Har-Bark28_-FACM_3": [
        0.284046215713386
    ],
    "Har-Bark28_-FACM_4": [
        4938.518013402204
    ],
    "Har-Bark28_-FACM_5": [
        -0.019614112051684535
    ],
    "Har-Bark28_-FACM_6": [
        0.2670937429229279
    ],
    "Har-Bark28_-FACM_7": [
        17.730583379293524
    ],
    "Har-Bark28_-FACM_8": [
        1.9446767675798193
    ],
    "Har-Bark28_-FACM_9": [
        12.045031578615701
    ],
    "Har-Bark28_-GLCM_1": [
        0.16695634131810122
    ],
    "Har-Bark28_-GLCM_10": [
        2.6211783780941342
    ],
    "Har-Bark28_-GLCM_11": [
        0.849027050422137
    ],
    "Har-Bark28_-GLCM_12": [
        407.54274985809485
    ],
    "Har-Bark28_-GLCM_2": [
        0.9100280833430376
    ],
    "Har-Bark28_-GLCM_3": [
        0.41419293694755466
    ],
    "Har-Bark28_-GLCM_4": [
        67378.57930698797
    ],
    "Har-Bark28_-GLCM_5": [
        -0.7057124532666734
    ],
    "Har-Bark28_-GLCM_6": [
        0.0
    ],
    "Har-Bark28_-GLCM_7": [
        215.54129527538535
    ],
    "Har-Bark28_-GLCM_8": [
        0.7886525274797721
    ],
    "Har-Bark28_-GLCM_9": [
        213.01504991699503
    ],
    "Har-Log_-FACM_1": [
        7.827616197096124e-05
    ],
    "Har-Log_-FACM_10": [
        232.93485863246875
    ],
    "Har-Log_-FACM_11": [
        5.6219824423312605
    ],
    "Har-Log_-FACM_12": [
        56272.416909296146
    ],
    "Har-Log_-FACM_2": [
        10.155158737275299
    ],
    "Har-Log_-FACM_3": [
        0.00998846907255971
    ],
    "Har-Log_-FACM_4": [
        720253601.1853725
    ],
    "Har-Log_-FACM_5": [
        -0.0017108696677595608
    ],
    "Har-Log_-FACM_6": [
        0.13612502408422236
    ],
    "Har-Log_-FACM_7": [
        4232.340027207971
    ],
    "Har-Log_-FACM_8": [
        4.89167141383048
    ],
    "Har-Log_-FACM_9": [
        3769.4255582134774
    ],
    "Har-Log_-GLCM_1": [
        0.10541419768182861
    ],
    "Har-Log_-GLCM_10": [
        6.690801826443112
    ],
    "Har-Log_-GLCM_11": [
        1.405971166019191
    ],
    "Har-Log_-GLCM_12": [
        883.5626646198842
    ],
    "Har-Log_-GLCM_2": [
        1.6666765656174773
    ],
    "Har-Log_-GLCM_3": [
        0.3370730981787983
    ],
    "Har-Log_-GLCM_4": [
        348285.8935040691
    ],
    "Har-Log_-GLCM_5": [
        -0.5839221138177609
    ],
    "Har-Log_-GLCM_6": [
        0.0
    ],
    "Har-Log_-GLCM_7": [
        225.24655893448818
    ],
    "Har-Log_-GLCM_8": [
        1.2081085789754527
    ],
    "Har-Log_-GLCM_9": [
        218.91176455319143
    ],
    "Har-Mel96_-FACM_1": [
        0.015088318428353559
    ],
    "Har-Mel96_-FACM_10": [
        20.291613533930335
    ],
    "Har-Mel96_-FACM_11": [
        3.188868986719781
    ],
    "Har-Mel96_-FACM_12": [
        358.45978879753943
    ],
    "Har-Mel96_-FACM_2": [
        4.955741629195742
    ],
    "Har-Mel96_-FACM_3": [
        0.15573553408674184
    ],
    "Har-Mel96_-FACM_4": [
        98553.92914634505
    ],
    "Har-Mel96_-FACM_5": [
        -0.022850177670681735
    ],
    "Har-Mel96_-FACM_6": [
        0.33122439358326583
    ],
    "Har-Mel96_-FACM_7": [
        52.051194671949304
    ],
    "Har-Mel96_-FACM_8": [
        2.4623646985967986
    ],
    "Har-Mel96_-FACM_9": [
        37.19000600850115
    ],
    "Har-Mel96_-GLCM_1": [
        0.20015777529973638
    ],
    "Har-Mel96_-GLCM_10": [
        1.4971867624416937
    ],
    "Har-Mel96_-GLCM_11": [
        0.652018296802397
    ],
    "Har-Mel96_-GLCM_12": [
        264.2701597713398
    ],
    "Har-Mel96_-GLCM_2": [
        0.6889398465609273
    ],
    "Har-Mel96_-GLCM_3": [
        0.45168749423171234
    ],
    "Har-Mel96_-GLCM_4": [
        45935.489786232814
    ],
    "Har-Mel96_-GLCM_5": [
        -0.775189878900505
    ],
    "Har-Mel96_-GLCM_6": [
        0.0
    ],
    "Har-Mel96_-GLCM_7": [
        113.24813743628667
    ],
    "Har-Mel96_-GLCM_8": [
        0.6119047976092705
    ],
    "Har-Mel96_-GLCM_9": [
        112.30103627408715
    ],
    "Har-RecChr_-FACM_1": [
        0.004063595857013812
    ],
    "Har-RecChr_-FACM_10": [
        57.0792626816569
    ],
    "Har-RecChr_-FACM_11": [
        4.033488913706136
    ],
    "Har-RecChr_-FACM_12": [
        3088.8579369586087
    ],
    "Har-RecChr_-FACM_2": [
        6.372442026820843
    ],
    "Har-RecChr_-FACM_3": [
        0.08289431380173345
    ],
    "Har-RecChr_-FACM_4": [
        1623331.732887672
    ],
    "Har-RecChr_-FACM_5": [
        -0.01999446675272193
    ],
    "Har-RecChr_-FACM_6": [
        0.3485745659800778
    ],
    "Har-RecChr_-FACM_7": [
        225.51280153580024
    ],
    "Har-RecChr_-FACM_8": [
        3.299529516554908
    ],
    "Har-RecChr_-FACM_9": [
        170.49833134278308
    ],
    "Har-RecChr_-GLCM_1": [
        0.17398412027018623
    ],
    "Har-RecChr_-GLCM_10": [
        1.6733304455040363
    ],
    "Har-RecChr_-GLCM_11": [
        0.8122192319396316
    ],
    "Har-RecChr_-GLCM_12": [
        198.78962135516898
    ],
    "Har-RecChr_-GLCM_2": [
        0.8958628459939636
    ],
    "Har-RecChr_-GLCM_3": [
        0.42171663747481236
    ],
    "Har-RecChr_-GLCM_4": [
        35693.73325110897
    ],
    "Har-RecChr_-GLCM_5": [
        -0.6709687934715866
    ],
    "Har-RecChr_-GLCM_6": [
        0.0
    ],
    "Har-RecChr_-GLCM_7": [
        93.02288274158973
    ],
    "Har-RecChr_-GLCM_8": [
        0.7584004826989923
    ],
    "Har-RecChr_-GLCM_9": [
        91.72564330116798
    ],
    "Har-TriChr_-FACM_1": [
        0.0062903119556869756
    ],
    "Har-TriChr_-FACM_10": [
        44.39213112523812
    ],
    "Har-TriChr_-FACM_11": [
        3.782346247860938
    ],
    "Har-TriChr_-FACM_12": [
        1804.1212268889005
    ],
    "Har-TriChr_-FACM_2": [
        6.053280048551314
    ],
    "Har-TriChr_-FACM_3": [
        0.09504475956147751
    ],
    "Har-TriChr_-FACM_4": [
        792467.920957949
    ],
    "Har-TriChr_-FACM_5": [
        -0.019994950472511562
    ],
    "Har-TriChr_-FACM_6": [
        0.3417364857735717
    ],
    "Har-TriChr_-FACM_7": [
        108.84590869130277
    ],
    "Har-TriChr_-FACM_8": [
        2.9993574482217626
    ],
    "Har-TriChr_-FACM_9": [
        73.54080253182116
    ],
    "Har-TriChr_-GLCM_1": [
        0.17671466906464076
    ],
    "Har-TriChr_-GLCM_10": [
        2.1326980267940625
    ],
    "Har-TriChr_-GLCM_11": [
        0.8087630955797522
    ],
    "Har-TriChr_-GLCM_12": [
        332.1755125682697
    ],
    "Har-TriChr_-GLCM_2": [
        0.8761628779534825
    ],
    "Har-TriChr_-GLCM_3": [
        0.4273537356430142
    ],
    "Har-TriChr_-GLCM_4": [
        70021.07058943703
    ],
    "Har-TriChr_-GLCM_5": [
        -0.7117435522695378
    ],
    "Har-TriChr_-GLCM_6": [
        0.0
    ],